KEYS,,DECK-SELECTED,,,,CH0,CH1,CH2,LED,,,,,,,,
S1 PLAY,,,PUSH,ON/OFF,ON,90,22,7F,7F,144,34,127,144,34,127,blink,20
,,,PULL,ON/OFF,OFF,90,22,0,0,144,34,0,,,,,
S2 PLAY,,,PUSH,ON/OFF,ON,90,23,7F,7F,144,35,127,144,35,127,blink,20
,,,PULL,ON/OFF,OFF,90,23,0,0,144,35,0,,,,,
S3 PLAY,,,PUSH,ON/OFF,ON,90,24,7F,7F,144,36,127,144,36,127,blink,20
,,,PULL,ON/OFF,OFF,90,24,0,0,144,36,0,,,,,
S4 PLAY,,,PUSH,ON/OFF,ON,90,25,7F,7F,144,37,127,144,37,127,blink,20
,,,PULL,ON/OFF,OFF,90,25,0,0,144,37,0,,,,,
CUE C,,,PUSH,ON/OFF,ON,90,26,7F,7F,144,38,127,144,38,127,blink,20
,,,PULL,ON/OFF,OFF,90,26,0,0,144,38,0,,,,,
CUE A,,,PUSH,ON/OFF,ON,90,27,7F,7F,144,39,127,144,39,127,blink,20
,,,PULL,ON/OFF,OFF,90,27,0,0,144,39,0,,,,,
CUE B,,,PUSH,ON/OFF,ON,90,28,7F,7F,144,40,127,144,40,127,blink,20
,,,PULL,ON/OFF,OFF,90,28,0,0,144,40,0,,,,,
CUE D,,,PUSH,ON/OFF,ON,90,29,7F,7F,144,41,127,144,41,127,blink,20
,,,PULL,ON/OFF,OFF,90,29,0,0,144,41,0,,,,,
A,,,PUSH,ON/OFF,ON,90,2A,7F,7F,144,42,127,144,42,127,blink,20
,,,PULL,ON/OFF,OFF,90,2A,0,0,144,42,0,,,,,
B,,,PUSH,ON/OFF,ON,90,2B,7F,7F,144,43,127,144,43,127,blink,20
,,,PULL,ON/OFF,OFF,90,2B,0,0,144,43,0,,,,,
C,,,PUSH,ON/OFF,ON,90,2C,7F,7F,144,44,127,144,44,127,blink,20
,,,PULL,ON/OFF,OFF,90,2C,0,0,144,44,0,,,,,
D,,,PUSH,ON/OFF,ON,90,2D,7F,7F,144,45,127,144,45,127,blink,20
,,,PULL,ON/OFF,OFF,90,2D,0,0,144,45,0,,,,,
DECK A/C,LED-OFF,DECK A,,DECK,ON,90,3A,0,LED OFF,144,58,0,144,58,0,blink,20
,,,,,OFF,90,3B,7F,,144,59,127,,,,,
,LED-ON,DECK C,,DECK,ON,90,3B,0,LED ON,144,59,0,144,59,0,blink,20
,,,,,OFF,90,3A,7F,,144,58,127,,,,,
VINYL MODE L,NO SHIFT,DECK A,PUSH,ON/OFF,ON,91,1,7F,7F,145,1,127,145,1,127,blink,20
,,,PULL,ON/OFF,OFF,91,1,0,0,145,1,0,,,,,
,,DECK C,PUSH,ON/OFF,ON,93,1,7F,7F,147,1,127,147,1,127,blink,20
,,,PULL,ON/OFF,OFF,93,1,0,0,147,1,0,,,,,
,SHIFT,DECK A,PUSH,ON/OFF,ON,91,41,7F,7F,145,65,127,145,65,127,blink,20
,,,PULL,ON/OFF,OFF,91,41,0,0,145,65,0,,,,,
,,DECK C,PUSH,ON/OFF,ON,93,41,7F,7F,147,65,127,147,65,127,blink,20
,,,PULL,ON/OFF,OFF,93,41,0,0,147,65,0,,,,,
IN L,NO SHIFT,DECK A,PUSH,ON/OFF,ON,91,2,7F,7F,145,2,127,145,2,127,blink,20
,,,PULL,ON/OFF,OFF,91,2,0,0,145,2,0,,,,,
,,DECK C,PUSH,ON/OFF,ON,93,2,7F,7F,147,2,127,147,2,127,blink,20
,,,PULL,ON/OFF,OFF,93,2,0,0,147,2,0,,,,,
,SHIFT,DECK A,PUSH,ON/OFF,ON,91,42,7F,7F,145,66,127,145,66,127,blink,20
,,,PULL,ON/OFF,OFF,91,42,0,0,145,66,0,,,,,
,,DECK C,PUSH,ON/OFF,ON,93,42,7F,7F,147,66,127,147,66,127,blink,20
,,,PULL,ON/OFF,OFF,93,42,0,0,147,66,0,,,,,
OUT L,NO SHIFT,DECK A,PUSH,ON/OFF,ON,91,3,7F,7F,145,3,127,145,3,127,blink,20
,,,PULL,ON/OFF,OFF,91,3,0,0,145,3,0,,,,,
,,DECK C,PUSH,ON/OFF,ON,93,3,7F,7F,147,3,127,147,3,127,blink,20
,,,PULL,ON/OFF,OFF,93,3,0,0,147,3,0,,,,,
,SHIFT,DECK A,PUSH,ON/OFF,ON,91,43,7F,7F,145,67,127,145,67,127,blink,20
,,,PULL,ON/OFF,OFF,91,43,0,0,145,67,0,,,,,
,,DECK C,PUSH,ON/OFF,ON,93,43,7F,7F,147,67,127,147,67,127,blink,20
,,,PULL,ON/OFF,OFF,93,43,0,0,147,67,0,,,,,
RE L,NO SHIFT,DECK A,PUSH,ON/OFF,ON,91,4,7F,7F,145,4,127,145,4,127,blink,20
,,,PULL,ON/OFF,OFF,91,4,0,0,145,4,0,,,,,
,,DECK C,PUSH,ON/OFF,ON,93,4,7F,7F,147,4,127,147,4,127,blink,20
,,,PULL,ON/OFF,OFF,93,4,0,0,147,4,0,,,,,
,SHIFT,DECK A,PUSH,ON/OFF,ON,91,44,7F,7F,145,68,127,145,68,127,blink,20
,,,PULL,ON/OFF,OFF,91,44,0,0,145,68,0,,,,,
,,DECK C,PUSH,ON/OFF,ON,93,44,7F,7F,147,68,127,147,68,127,blink,20
,,,PULL,ON/OFF,OFF,93,44,0,0,147,68,0,,,,,
SYNC L,NO SHIFT,DECK A,PUSH,ON/OFF,ON,91,5,7F,7F,145,5,127,145,5,127,blink,20
,,,PULL,ON/OFF,OFF,91,5,0,0,145,5,0,,,,,
,,DECK C,PUSH,ON/OFF,ON,93,5,7F,7F,147,5,127,147,5,127,blink,20
,,,PULL,ON/OFF,OFF,93,5,0,0,147,5,0,,,,,
,SHIFT,DECK A,PUSH,ON/OFF,ON,91,45,7F,7F,145,69,127,145,69,127,blink,20
,,,PULL,ON/OFF,OFF,91,45,0,0,145,69,0,,,,,
,,DECK C,PUSH,ON/OFF,ON,93,45,7F,7F,147,69,127,147,69,127,blink,20
,,,PULL,ON/OFF,OFF,93,45,0,0,147,69,0,,,,,
1 L,NO SHIFT,DECK A,PUSH,ON/OFF,ON,91,6,7F,7F,145,6,127,145,6,127,blink,20
,,,PULL,ON/OFF,OFF,91,6,0,0,145,6,0,,,,,
,,DECK C,PUSH,ON/OFF,ON,93,6,7F,7F,147,6,127,147,6,127,blink,20
,,,PULL,ON/OFF,OFF,93,6,0,0,147,6,0,,,,,
,SHIFT,DECK A,PUSH,ON/OFF,ON,91,46,7F,7F,145,70,127,145,70,127,blink,20
,,,PULL,ON/OFF,OFF,91,46,0,0,145,70,0,,,,,
,,DECK C,PUSH,ON/OFF,ON,93,46,7F,7F,147,70,127,147,70,127,blink,20
,,,PULL,ON/OFF,OFF,93,46,0,0,147,70,0,,,,,
2 L,NO SHIFT,DECK A,PUSH,ON/OFF,ON,91,7,7F,7F,145,7,127,145,7,127,blink,20
,,,PULL,ON/OFF,OFF,91,7,0,0,145,7,0,,,,,
,,DECK C,PUSH,ON/OFF,ON,93,7,7F,7F,147,7,127,147,7,127,blink,20
,,,PULL,ON/OFF,OFF,93,7,0,0,147,7,0,,,,,
,SHIFT,DECK A,PUSH,ON/OFF,ON,91,47,7F,7F,145,71,127,145,71,127,blink,20
,,,PULL,ON/OFF,OFF,91,47,0,0,145,71,0,,,,,
,,DECK C,PUSH,ON/OFF,ON,93,47,7F,7F,147,71,127,147,71,127,blink,20
,,,PULL,ON/OFF,OFF,93,47,0,0,147,71,0,,,,,
3 L,NO SHIFT,DECK A,PUSH,ON/OFF,ON,91,8,7F,7F,145,8,127,145,8,127,blink,20
,,,PULL,ON/OFF,OFF,91,8,0,0,145,8,0,,,,,
,,DECK C,PUSH,ON/OFF,ON,93,8,7F,7F,147,8,127,147,8,127,blink,20
,,,PULL,ON/OFF,OFF,93,8,0,0,147,8,0,,,,,
,SHIFT,DECK A,PUSH,ON/OFF,ON,91,48,7F,7F,145,72,127,145,72,127,blink,20
,,,PULL,ON/OFF,OFF,91,48,0,0,145,72,0,,,,,
,,DECK C,PUSH,ON/OFF,ON,93,48,7F,7F,147,72,127,147,72,127,blink,20
,,,PULL,ON/OFF,OFF,93,48,0,0,147,72,0,,,,,
4 L,NO SHIFT,DECK A,PUSH,ON/OFF,ON,91,9,7F,7F,145,9,127,145,9,127,blink,20
,,,PULL,ON/OFF,OFF,91,9,0,0,145,9,0,,,,,
,,DECK C,PUSH,ON/OFF,ON,93,9,7F,7F,147,9,127,147,9,127,blink,20
,,,PULL,ON/OFF,OFF,93,9,0,0,147,9,0,,,,,
,SHIFT,DECK A,PUSH,ON/OFF,ON,91,49,7F,7F,145,73,127,145,73,127,blink,20
,,,PULL,ON/OFF,OFF,91,49,0,0,145,73,0,,,,,
,,DECK C,PUSH,ON/OFF,ON,93,49,7F,7F,147,73,127,147,73,127,blink,20
,,,PULL,ON/OFF,OFF,93,49,0,0,147,73,0,,,,,
CUP L,NO SHIFT,DECK A,PUSH,ON/OFF,ON,91,A,7F,7F,145,10,127,145,10,127,blink,20
,,,PULL,ON/OFF,OFF,91,A,0,0,145,10,0,,,,,
,,DECK C,PUSH,ON/OFF,ON,93,A,7F,7F,147,10,127,147,10,127,blink,20
,,,PULL,ON/OFF,OFF,93,A,0,0,147,10,0,,,,,
,SHIFT,DECK A,PUSH,ON/OFF,ON,91,4A,7F,7F,145,74,127,145,74,127,blink,20
,,,PULL,ON/OFF,OFF,91,4A,0,0,145,74,0,,,,,
,,DECK C,PUSH,ON/OFF,ON,93,4A,7F,7F,147,74,127,147,74,127,blink,20
,,,PULL,ON/OFF,OFF,93,4A,0,0,147,74,0,,,,,
CUE L,NO SHIFT,DECK A,PUSH,ON/OFF,ON,91,B,7F,7F,145,11,127,145,11,127,blink,20
,,,PULL,ON/OFF,OFF,91,B,0,0,145,11,0,,,,,
,,DECK C,PUSH,ON/OFF,ON,93,B,7F,7F,147,11,127,147,11,127,blink,20
,,,PULL,ON/OFF,OFF,93,B,0,0,147,11,0,,,,,
,SHIFT,DECK A,PUSH,ON/OFF,ON,91,4B,7F,7F,145,75,127,145,75,127,blink,20
,,,PULL,ON/OFF,OFF,91,4B,0,0,145,75,0,,,,,
,,DECK C,PUSH,ON/OFF,ON,93,4B,7F,7F,147,75,127,147,75,127,blink,20
,,,PULL,ON/OFF,OFF,93,4B,0,0,147,75,0,,,,,
PLAY/PAUSE L,NO SHIFT,DECK A,PUSH,ON/OFF,ON,91,C,7F,7F,145,12,127,145,12,127,blink,20
,,,PULL,ON/OFF,OFF,91,C,0,0,145,12,0,,,,,
,,DECK C,PUSH,ON/OFF,ON,93,C,7F,7F,147,12,127,147,12,127,blink,20
,,,PULL,ON/OFF,OFF,93,C,0,0,147,12,0,,,,,
,SHIFT,DECK A,PUSH,ON/OFF,ON,91,4C,7F,7F,145,76,127,145,76,127,blink,20
,,,PULL,ON/OFF,OFF,91,4C,0,0,145,76,0,,,,,
,,DECK C,PUSH,ON/OFF,ON,93,4C,7F,7F,147,76,127,147,76,127,blink,20
,,,PULL,ON/OFF,OFF,93,4C,0,0,147,76,0,,,,,
SHIFT L,,DECK A,PUSH,ON/OFF,ON,91,E,7F,7F,145,14,127,145,14,127,blink,20
,,,PUSH,ON/OFF,OFF,91,E,0,0,145,14,0,,,,,
,,DECK C,PULL,ON/OFF,ON,93,E,7F,7F,147,14,127,147,14,127,blink,20
,,,PULL,ON/OFF,OFF,93,E,0,0,147,14,0,,,,,
DECK B/D,LED-OFF,DECK B,,DECK,ON,90,3A,0,LED OFF,144,58,0,,,,,
,,,,,OFF,90,3B,7F,,144,59,127,,,,,
,LED-ON,DECK D,,DECK,ON,90,3B,0,LED ON,144,59,0,,,,,
,,,,,OFF,90,3A,7F,,144,58,127,,,,,
VINYL MODE R,NO SHIFT,DECK A,PUSH,ON/OFF,ON,92,1,7F,7F,146,1,127,146,1,127,blink,20
,,,PULL,ON/OFF,OFF,92,1,0,0,146,1,0,,,,,
,,DECK C,PUSH,ON/OFF,ON,94,1,7F,7F,148,1,127,148,1,127,blink,20
,,,PULL,ON/OFF,OFF,94,1,0,0,148,1,0,,,,,
,SHIFT,DECK A,PUSH,ON/OFF,ON,92,41,7F,7F,146,65,127,146,65,127,blink,20
,,,PULL,ON/OFF,OFF,92,41,0,0,146,65,0,,,,,
,,DECK C,PUSH,ON/OFF,ON,94,41,7F,7F,148,65,127,148,65,127,blink,20
,,,PULL,ON/OFF,OFF,94,41,0,0,148,65,0,,,,,
IN R,NO SHIFT,DECK A,PUSH,ON/OFF,ON,92,2,7F,7F,146,2,127,146,2,127,blink,20
,,,PULL,ON/OFF,OFF,92,2,0,0,146,2,0,,,,,
,,DECK C,PUSH,ON/OFF,ON,94,2,7F,7F,148,2,127,148,2,127,blink,20
,,,PULL,ON/OFF,OFF,94,2,0,0,148,2,0,,,,,
,SHIFT,DECK A,PUSH,ON/OFF,ON,92,42,7F,7F,146,66,127,146,66,127,blink,20
,,,PULL,ON/OFF,OFF,92,42,0,0,146,66,0,,,,,
,,DECK C,PUSH,ON/OFF,ON,94,42,7F,7F,148,66,127,148,66,127,blink,20
,,,PULL,ON/OFF,OFF,94,42,0,0,148,66,0,,,,,
OUT R,NO SHIFT,DECK A,PUSH,ON/OFF,ON,92,3,7F,7F,146,3,127,146,3,127,blink,20
,,,PULL,ON/OFF,OFF,92,3,0,0,146,3,0,,,,,
,,DECK C,PUSH,ON/OFF,ON,94,3,7F,7F,148,3,127,148,3,127,blink,20
,,,PULL,ON/OFF,OFF,94,3,0,0,148,3,0,,,,,
,SHIFT,DECK A,PUSH,ON/OFF,ON,92,43,7F,7F,146,67,127,146,67,127,blink,20
,,,PULL,ON/OFF,OFF,92,43,0,0,146,67,0,,,,,
,,DECK C,PUSH,ON/OFF,ON,94,43,7F,7F,148,67,127,148,67,127,blink,20
,,,PULL,ON/OFF,OFF,94,43,0,0,148,67,0,,,,,
RE R,NO SHIFT,DECK A,PUSH,ON/OFF,ON,92,4,7F,7F,146,4,127,146,4,127,blink,20
,,,PULL,ON/OFF,OFF,92,4,0,0,146,4,0,,,,,
,,DECK C,PUSH,ON/OFF,ON,94,4,7F,7F,148,4,127,148,4,127,blink,20
,,,PULL,ON/OFF,OFF,94,4,0,0,148,4,0,,,,,
,SHIFT,DECK A,PUSH,ON/OFF,ON,92,44,7F,7F,146,68,127,146,68,127,blink,20
,,,PULL,ON/OFF,OFF,92,44,0,0,146,68,0,,,,,
,,DECK C,PUSH,ON/OFF,ON,94,44,7F,7F,148,68,127,148,68,127,blink,20
,,,PULL,ON/OFF,OFF,94,44,0,0,148,68,0,,,,,
SYNC R,NO SHIFT,DECK A,PUSH,ON/OFF,ON,92,5,7F,7F,146,5,127,146,5,127,blink,20
,,,PULL,ON/OFF,OFF,92,5,0,0,146,5,0,,,,,
,,DECK C,PUSH,ON/OFF,ON,94,5,7F,7F,148,5,127,148,5,127,blink,20
,,,PULL,ON/OFF,OFF,94,5,0,0,148,5,0,,,,,
,SHIFT,DECK A,PUSH,ON/OFF,ON,92,45,7F,7F,146,69,127,146,69,127,blink,20
,,,PULL,ON/OFF,OFF,92,45,0,0,146,69,0,,,,,
,,DECK C,PUSH,ON/OFF,ON,94,45,7F,7F,148,69,127,148,69,127,blink,20
,,,PULL,ON/OFF,OFF,94,45,0,0,148,69,0,,,,,
1 R,NO SHIFT,DECK A,PUSH,ON/OFF,ON,92,6,7F,7F,146,6,127,146,6,127,blink,20
,,,PULL,ON/OFF,OFF,92,6,0,0,146,6,0,,,,,
,,DECK C,PUSH,ON/OFF,ON,94,6,7F,7F,148,6,127,148,6,127,blink,20
,,,PULL,ON/OFF,OFF,94,6,0,0,148,6,0,,,,,
,SHIFT,DECK A,PUSH,ON/OFF,ON,92,46,7F,7F,146,70,127,146,70,127,blink,20
,,,PULL,ON/OFF,OFF,92,46,0,0,146,70,0,,,,,
,,DECK C,PUSH,ON/OFF,ON,94,46,7F,7F,148,70,127,148,70,127,blink,20
,,,PULL,ON/OFF,OFF,94,46,0,0,148,70,0,,,,,
2 R,NO SHIFT,DECK A,PUSH,ON/OFF,ON,92,7,7F,7F,146,7,127,146,7,127,blink,20
,,,PULL,ON/OFF,OFF,92,7,0,0,146,7,0,,,,,
,,DECK C,PUSH,ON/OFF,ON,94,7,7F,7F,148,7,127,148,7,127,blink,20
,,,PULL,ON/OFF,OFF,94,7,0,0,148,7,0,,,,,
,SHIFT,DECK A,PUSH,ON/OFF,ON,92,47,7F,7F,146,71,127,146,71,127,blink,20
,,,PULL,ON/OFF,OFF,92,47,0,0,146,71,0,,,,,
,,DECK C,PUSH,ON/OFF,ON,94,47,7F,7F,148,71,127,148,71,127,blink,20
,,,PULL,ON/OFF,OFF,94,47,0,0,148,71,0,,,,,
3 R,NO SHIFT,DECK A,PUSH,ON/OFF,ON,92,8,7F,7F,146,8,127,146,8,127,blink,20
,,,PULL,ON/OFF,OFF,92,8,0,0,146,8,0,,,,,
,,DECK C,PUSH,ON/OFF,ON,94,8,7F,7F,148,8,127,148,8,127,blink,20
,,,PULL,ON/OFF,OFF,94,8,0,0,148,8,0,,,,,
,SHIFT,DECK A,PUSH,ON/OFF,ON,92,48,7F,7F,146,72,127,146,72,127,blink,20
,,,PULL,ON/OFF,OFF,92,48,0,0,146,72,0,,,,,
,,DECK C,PUSH,ON/OFF,ON,94,48,7F,7F,148,72,127,148,72,127,blink,20
,,,PULL,ON/OFF,OFF,94,48,0,0,148,72,0,,,,,
4 R,NO SHIFT,DECK A,PUSH,ON/OFF,ON,92,9,7F,7F,146,9,127,146,9,127,blink,20
,,,PULL,ON/OFF,OFF,92,9,0,0,146,9,0,,,,,
,,DECK C,PUSH,ON/OFF,ON,94,9,7F,7F,148,9,127,148,9,127,blink,20
,,,PULL,ON/OFF,OFF,94,9,0,0,148,9,0,,,,,
,SHIFT,DECK A,PUSH,ON/OFF,ON,92,49,7F,7F,146,73,127,146,73,127,blink,20
,,,PULL,ON/OFF,OFF,92,49,0,0,146,73,0,,,,,
,,DECK C,PUSH,ON/OFF,ON,94,49,7F,7F,148,73,127,148,73,127,blink,20
,,,PULL,ON/OFF,OFF,94,49,0,0,148,73,0,,,,,
CUP R,NO SHIFT,DECK A,PUSH,ON/OFF,ON,92,A,7F,7F,146,10,127,146,10,127,blink,20
,,,PULL,ON/OFF,OFF,92,A,0,0,146,10,0,,,,,
,,DECK C,PUSH,ON/OFF,ON,94,A,7F,7F,148,10,127,148,10,127,blink,20
,,,PULL,ON/OFF,OFF,94,A,0,0,148,10,0,,,,,
,SHIFT,DECK A,PUSH,ON/OFF,ON,92,4A,7F,7F,146,74,127,146,74,127,blink,20
,,,PULL,ON/OFF,OFF,92,4A,0,0,146,74,0,,,,,
,,DECK C,PUSH,ON/OFF,ON,94,4A,7F,7F,148,74,127,148,74,127,blink,20
,,,PULL,ON/OFF,OFF,94,4A,0,0,148,74,0,,,,,
CUE R,NO SHIFT,DECK A,PUSH,ON/OFF,ON,92,B,7F,7F,146,11,127,146,11,127,blink,20
,,,PULL,ON/OFF,OFF,92,B,0,0,146,11,0,,,,,
,,DECK C,PUSH,ON/OFF,ON,94,B,7F,7F,148,11,127,148,11,127,blink,20
,,,PULL,ON/OFF,OFF,94,B,0,0,148,11,0,,,,,
,SHIFT,DECK A,PUSH,ON/OFF,ON,92,4B,7F,7F,146,75,127,146,75,127,blink,20
,,,PULL,ON/OFF,OFF,92,4B,0,0,146,75,0,,,,,
,,DECK C,PUSH,ON/OFF,ON,94,4B,7F,7F,148,75,127,148,75,127,blink,20
,,,PULL,ON/OFF,OFF,94,4B,0,0,148,75,0,,,,,
PLAY/PAUSE R,NO SHIFT,DECK A,PUSH,ON/OFF,ON,92,C,7F,7F,146,12,127,146,12,127,blink,20
,,,PULL,ON/OFF,OFF,92,C,0,0,146,12,0,,,,,
,,DECK C,PUSH,ON/OFF,ON,94,C,7F,7F,148,12,127,148,12,127,blink,20
,,,PULL,ON/OFF,OFF,94,C,0,0,148,12,0,,,,,
,SHIFT,DECK A,PUSH,ON/OFF,ON,92,4C,7F,7F,146,76,127,146,76,127,blink,20
,,,PULL,ON/OFF,OFF,92,4C,0,0,146,76,0,,,,,
,,DECK C,PUSH,ON/OFF,ON,94,4C,7F,7F,148,76,127,148,76,127,blink,20
,,,PULL,ON/OFF,OFF,94,4C,0,0,148,76,0,,,,,
SHIFT R,,DECK A,PUSH,ON/OFF,ON,92,E,7F,7F,146,14,127,146,14,127,blink,20
,,,PUSH,ON/OFF,OFF,92,E,0,0,146,14,0,,,,,
,,DECK C,PULL,ON/OFF,ON,94,E,7F,7F,148,14,127,148,14,127,blink,20
,,,PULL,ON/OFF,OFF,94,E,0,0,148,14,0,,,,,
knobs,,,,,,,,,,,,,,,,,
S1VOL,INT,,,,,B0,1,0,,176,1,0,,,,,
S2VOL,,,,,INT,B0,2,0,,176,2,0,,,,,
S2VOL,,,,,INT,B0,3,0,,176,3,0,,,,,
S3VOL,,,,,INT,B0,4,0,,176,4,0,,,,,
Deck C HIGH,,,,,INT,B0,5,0,,176,5,0,,,,,
,,,,,MID IN,90,5,7F,,144,5,127,,,,,
,,,,,MID OUT,90,5,0,,144,5,0,,,,,
Deck C MID,,,,,INT,B0,6,0,,176,6,0,,,,,
,,,,,MID IN,90,6,7F,,144,6,127,,,,,
,,,,,MID OUT,90,6,0,,144,6,0,,,,,
Deck C LOW,,,,,INT,B0,7,0,,176,7,0,,,,,
,,,,,MID IN,90,7,7F,,144,7,127,,,,,
,,,,,MID OUT,90,7,0,,144,7,0,,,,,
Deck C FILTER,,,,,INT,B0,8,0,,176,8,0,,,,,
,,,,,MID IN,90,8,7F,,144,8,127,,,,,
,,,,,MID OUT,90,8,0,,144,8,0,,,,,
Deck A HIGH,,,,,INT,B0,5,0,,176,5,0,,,,,
,,,,,MID IN,90,5,7F,,144,5,127,,,,,
,,,,,MID OUT,90,5,0,,144,5,0,,,,,
Deck A MID,,,,,INT,B0,6,0,,176,6,0,,,,,
,,,,,MID IN,90,6,7F,,144,6,127,,,,,
,,,,,MID OUT,90,6,0,,144,6,0,,,,,
Deck A LOW,,,,,INT,B0,7,0,,176,7,0,,,,,
,,,,,MID IN,90,7,7F,,144,7,127,,,,,
,,,,,MID OUT,90,7,0,,144,7,0,,,,,
Deck B FILTER,,,,,INT,B0,8,0,,176,8,0,,,,,
,,,,,MID IN,90,8,7F,,144,8,127,,,,,
,,,,,MID OUT,90,8,0,,144,8,0,,,,,
Deck B HIGH,,,,,INT,B0,5,0,,176,5,0,,,,,
,,,,,MID IN,90,5,7F,,144,5,127,,,,,
,,,,,MID OUT,90,5,0,,144,5,0,,,,,
Deck B MID,,,,,INT,B0,6,0,,176,6,0,,,,,
,,,,,MID IN,90,6,7F,,144,6,127,,,,,
,,,,,MID OUT,90,6,0,,144,6,0,,,,,
Deck D LOW,,,,,INT,B0,7,0,,176,7,0,,,,,
,,,,,MID IN,90,7,7F,,144,7,127,,,,,
,,,,,MID OUT,90,7,0,,144,7,0,,,,,
Deck D FILTER,,,,,INT,B0,8,0,,176,8,0,,,,,
,,,,,MID IN,90,8,7F,,144,8,127,,,,,
,,,,,MID OUT,90,8,0,,144,8,0,,,,,
Deck D HIGH,,,,,INT,B0,5,0,,176,5,0,,,,,
,,,,,MID IN,90,5,7F,,144,5,127,,,,,
,,,,,MID OUT,90,5,0,,144,5,0,,,,,
MASTER,,,,,INT,B0,1A,0,,176,26,0,,,,,
BOOTH,,,,,INT,B0,1B,0,,176,27,0,,,,,
NAVIGATION,,,,,CCW,B0,1F,41,,176,31,65,,,,,
,,,,,CW,B0,1F,3F,,176,31,63,,,,,
,,,,,PUSH DOWN,90,1F,7F,,144,31,127,,,,,
,,,,,PUSH UP,90,1F,0,,144,31,0,,,,,
CUE MIX,,,,,INT,B0,1D,0,,176,29,0,,,,,
,,,,,MID IN,90,1D,7F,,144,29,127,,,,,
,,,,,MID OUT,90,1D,0,,144,29,0,,,,,
PLATTERS,,,,,,,,,,,,,,,,,
LEFT,SHIFT,DECK A,TURN,,CW,B1,4F,41,,177,79,65,,,,,
,,,,,CCW,B1,4F,3F,,177,79,63,,,,,
,,DECK C,,,START,91,4F,7F,,145,79,127,,,,,
,,,,,STOP,91,4F,0,,145,79,0,,,,,
,,DECK A,TURN,,CW,B3,4F,41,,179,79,65,,,,,
,,,,,CCW,B3,4F,3F,,179,79,63,,,,,
,,DECK C,,,START,93,4F,7F,,147,79,127,,,,,
,,,,,STOP,93,4F,0,,147,79,0,,,,,
RIGHT,,DECK A,TURN,,CW,B2,4F,41,,178,79,65,,,,,
,,,,,CCW,B2,4F,3F,,178,79,63,,,,,
,,DECK C,,,START,92,4F,7F,,146,79,127,,,,,
,,,,,STOP,92,4F,0,,146,79,0,,,,,
,,DECK A,TURN,,CW,B4,4F,41,,180,79,65,,,,,
,,,,,CCW,B4,4F,3F,,180,79,63,,,,,
,,DECK C,,,START,94,4F,7F,,148,79,127,,,,,
,,,,,STOP,94,4F,0,,148,79,0,,,,,
LEFT,NO SHIFT,DECK A,TURN,,CW,B1,0F,41,,177,15,65,,,,,
,,,,,CCW,B1,0F,3F,,177,15,63,,,,,
,,DECK C,,,START,91,0F,7F,,145,15,127,,,,,
,,,,,STOP,91,0F,0,,145,15,0,,,,,
,,DECK A,TURN,,CW,B3,0F,41,,179,15,65,,,,,
,,,,,CCW,B3,0F,3F,,179,15,63,,,,,
,,DECK C,,,START,93,0F,7F,,147,15,127,,,,,
,,,,,STOP,93,0F,0,,147,15,0,,,,,
RIGHT,,DECK A,TURN,,CW,B2,0F,41,,178,15,65,,,,,
,,,,,CCW,B2,0F,3F,,178,15,63,,,,,
,,DECK C,,,START,92,0F,7F,,146,15,127,,,,,
,,,,,STOP,92,0F,0,,146,15,0,,,,,
,,DECK A,TURN,,CW,B4,0F,41,,180,15,65,,,,,
,,,,,CCW,B4,0F,3F,,180,15,63,,,,,
,,DECK C,,,START,94,0F,7F,,148,15,127,,,,,
,,,,,STOP,94,0F,0,,148,15,0,,,,,